timeStamp,elapsed,label,responseCode,responseMessage,threadName,dataType,success,failureMessage,bytes,sentBytes,grpThreads,allThreads,Filename,Latency,Encoding,IdleTime,Connect
1527357989424,8181,https://calfibonacci.azurewebsites.net/api/calcFibonacci,200,OK,Thread Group 11-2,text,true,,307,151,7,58,,8181,utf-8,0,1259
1527357993918,3687,https://calfibonacci.azurewebsites.net/api/calcFibonacci,200,OK,Thread Group 11-5,text,true,,307,151,7,58,,3687,utf-8,0,416
1527357987909,9745,https://calfibonacci.azurewebsites.net/api/calcFibonacci,200,OK,Thread Group 11-1,text,true,,307,151,5,56,,9745,utf-8,0,2785
1527357995424,2231,https://calfibonacci.azurewebsites.net/api/calcFibonacci,200,OK,Thread Group 11-6,text,true,,307,151,5,56,,2231,utf-8,0,429
1527357996898,912,https://calfibonacci.azurewebsites.net/api/calcFibonacci,200,OK,Thread Group 11-7,text,true,,307,151,3,53,,912,utf-8,0,439
1527357990912,6937,https://calfibonacci.azurewebsites.net/api/calcFibonacci,200,OK,Thread Group 11-3,text,true,,307,151,2,52,,6937,utf-8,0,428
1527357998395,531,https://calfibonacci.azurewebsites.net/api/calcFibonacci,200,OK,Thread Group 11-8,text,true,,307,151,2,57,,531,utf-8,0,427
1527357992425,6852,https://calfibonacci.azurewebsites.net/api/calcFibonacci,200,OK,Thread Group 11-4,text,true,,307,151,1,56,,6852,utf-8,0,430
1527357999895,526,https://calfibonacci.azurewebsites.net/api/calcFibonacci,200,OK,Thread Group 11-9,text,true,,307,151,1,61,,526,utf-8,0,420
1527358001411,521,https://calfibonacci.azurewebsites.net/api/calcFibonacci,200,OK,Thread Group 11-10,text,true,,307,151,1,64,,521,utf-8,0,423
1527358002941,603,https://calfibonacci.azurewebsites.net/api/calcFibonacci,200,OK,Thread Group 11-11,text,true,,307,151,1,67,,603,utf-8,0,421
1527358004441,513,https://calfibonacci.azurewebsites.net/api/calcFibonacci,200,OK,Thread Group 11-12,text,true,,307,151,1,72,,513,utf-8,0,416
1527358005941,522,https://calfibonacci.azurewebsites.net/api/calcFibonacci,200,OK,Thread Group 11-13,text,true,,307,151,1,74,,522,utf-8,0,418
1527358007440,519,https://calfibonacci.azurewebsites.net/api/calcFibonacci,200,OK,Thread Group 11-14,text,true,,307,151,1,75,,519,utf-8,0,420
1527358008942,527,https://calfibonacci.azurewebsites.net/api/calcFibonacci,200,OK,Thread Group 11-15,text,true,,307,151,1,80,,527,utf-8,0,430
1527358010441,525,https://calfibonacci.azurewebsites.net/api/calcFibonacci,200,OK,Thread Group 11-16,text,true,,307,151,1,85,,525,utf-8,0,422
1527358011923,521,https://calfibonacci.azurewebsites.net/api/calcFibonacci,200,OK,Thread Group 11-17,text,true,,307,151,1,89,,521,utf-8,0,421
1527358013410,525,https://calfibonacci.azurewebsites.net/api/calcFibonacci,200,OK,Thread Group 11-18,text,true,,307,151,1,92,,525,utf-8,0,427
1527358014910,522,https://calfibonacci.azurewebsites.net/api/calcFibonacci,200,OK,Thread Group 11-19,text,true,,307,151,1,92,,522,utf-8,0,426
1527358016412,518,https://calfibonacci.azurewebsites.net/api/calcFibonacci,200,OK,Thread Group 11-20,text,true,,307,151,1,96,,518,utf-8,0,421
1527358017940,515,https://calfibonacci.azurewebsites.net/api/calcFibonacci,200,OK,Thread Group 11-21,text,true,,307,151,1,97,,515,utf-8,0,418
1527358019440,523,https://calfibonacci.azurewebsites.net/api/calcFibonacci,200,OK,Thread Group 11-22,text,true,,307,151,1,99,,523,utf-8,0,428
1527358020941,575,https://calfibonacci.azurewebsites.net/api/calcFibonacci,200,OK,Thread Group 11-23,text,true,,307,151,1,102,,575,utf-8,0,433
1527358022440,509,https://calfibonacci.azurewebsites.net/api/calcFibonacci,200,OK,Thread Group 11-24,text,true,,307,151,1,104,,509,utf-8,0,413
1527358023951,530,https://calfibonacci.azurewebsites.net/api/calcFibonacci,200,OK,Thread Group 11-25,text,true,,307,151,1,102,,530,utf-8,0,433
1527358025442,518,https://calfibonacci.azurewebsites.net/api/calcFibonacci,200,OK,Thread Group 11-26,text,true,,307,151,1,108,,518,utf-8,0,416
1527358026912,536,https://calfibonacci.azurewebsites.net/api/calcFibonacci,200,OK,Thread Group 11-27,text,true,,307,151,1,111,,536,utf-8,0,425
1527358028417,517,https://calfibonacci.azurewebsites.net/api/calcFibonacci,200,OK,Thread Group 11-28,text,true,,307,151,1,113,,517,utf-8,0,415
1527358029911,519,https://calfibonacci.azurewebsites.net/api/calcFibonacci,200,OK,Thread Group 11-29,text,true,,307,151,1,108,,519,utf-8,0,421
1527358031416,651,https://calfibonacci.azurewebsites.net/api/calcFibonacci,200,OK,Thread Group 11-30,text,true,,307,151,1,111,,651,utf-8,0,414
1527358032941,524,https://calfibonacci.azurewebsites.net/api/calcFibonacci,200,OK,Thread Group 11-31,text,true,,307,151,1,112,,524,utf-8,0,427
1527358034443,519,https://calfibonacci.azurewebsites.net/api/calcFibonacci,200,OK,Thread Group 11-32,text,true,,307,151,1,111,,519,utf-8,0,417
1527358035940,518,https://calfibonacci.azurewebsites.net/api/calcFibonacci,200,OK,Thread Group 11-33,text,true,,307,151,1,109,,518,utf-8,0,421
1527358037440,522,https://calfibonacci.azurewebsites.net/api/calcFibonacci,200,OK,Thread Group 11-34,text,true,,307,151,1,111,,522,utf-8,0,420
1527358038940,534,https://calfibonacci.azurewebsites.net/api/calcFibonacci,200,OK,Thread Group 11-35,text,true,,307,151,1,113,,534,utf-8,0,431
1527358040442,515,https://calfibonacci.azurewebsites.net/api/calcFibonacci,200,OK,Thread Group 11-36,text,true,,307,151,1,112,,515,utf-8,0,419
1527358041912,536,https://calfibonacci.azurewebsites.net/api/calcFibonacci,200,OK,Thread Group 11-37,text,true,,307,151,1,111,,536,utf-8,0,437
1527358043412,535,https://calfibonacci.azurewebsites.net/api/calcFibonacci,200,OK,Thread Group 11-38,text,true,,307,151,1,111,,535,utf-8,0,432
1527358044912,539,https://calfibonacci.azurewebsites.net/api/calcFibonacci,200,OK,Thread Group 11-39,text,true,,307,151,1,106,,539,utf-8,0,436
1527358046415,515,https://calfibonacci.azurewebsites.net/api/calcFibonacci,200,OK,Thread Group 11-40,text,true,,307,151,1,104,,515,utf-8,0,417
1527358047941,518,https://calfibonacci.azurewebsites.net/api/calcFibonacci,200,OK,Thread Group 11-41,text,true,,307,151,1,106,,518,utf-8,0,422
1527358049440,528,https://calfibonacci.azurewebsites.net/api/calcFibonacci,200,OK,Thread Group 11-42,text,true,,307,151,1,109,,528,utf-8,0,429
1527358050950,512,https://calfibonacci.azurewebsites.net/api/calcFibonacci,200,OK,Thread Group 11-43,text,true,,307,151,1,107,,512,utf-8,0,417
1527358053941,1840,https://calfibonacci.azurewebsites.net/api/calcFibonacci,200,OK,Thread Group 11-45,text,true,,307,151,3,104,,1840,utf-8,0,1732
1527358052440,3350,https://calfibonacci.azurewebsites.net/api/calcFibonacci,200,OK,Thread Group 11-44,text,true,,307,151,2,103,,3350,utf-8,0,3251
1527358055448,509,https://calfibonacci.azurewebsites.net/api/calcFibonacci,200,OK,Thread Group 11-46,text,true,,307,151,1,101,,509,utf-8,0,412
1527358056911,526,https://calfibonacci.azurewebsites.net/api/calcFibonacci,200,OK,Thread Group 11-47,text,true,,307,151,1,95,,526,utf-8,0,424
1527358058412,539,https://calfibonacci.azurewebsites.net/api/calcFibonacci,200,OK,Thread Group 11-48,text,true,,307,151,1,95,,539,utf-8,0,437
1527358059912,517,https://calfibonacci.azurewebsites.net/api/calcFibonacci,200,OK,Thread Group 11-49,text,true,,307,151,1,93,,517,utf-8,0,420
1527358061412,521,https://calfibonacci.azurewebsites.net/api/calcFibonacci,200,OK,Thread Group 11-50,text,true,,307,151,1,98,,521,utf-8,0,425
1527358062941,507,https://calfibonacci.azurewebsites.net/api/calcFibonacci,200,OK,Thread Group 11-51,text,true,,307,151,1,95,,507,utf-8,0,413
1527358064442,576,https://calfibonacci.azurewebsites.net/api/calcFibonacci,200,OK,Thread Group 11-52,text,true,,307,151,1,95,,576,utf-8,0,474
1527358065940,523,https://calfibonacci.azurewebsites.net/api/calcFibonacci,200,OK,Thread Group 11-53,text,true,,307,151,1,94,,523,utf-8,0,422
1527358067440,527,https://calfibonacci.azurewebsites.net/api/calcFibonacci,200,OK,Thread Group 11-54,text,true,,307,151,1,94,,527,utf-8,0,429
1527358068939,510,https://calfibonacci.azurewebsites.net/api/calcFibonacci,200,OK,Thread Group 11-55,text,true,,307,151,1,89,,510,utf-8,0,413
1527358070439,536,https://calfibonacci.azurewebsites.net/api/calcFibonacci,200,OK,Thread Group 11-56,text,true,,307,151,1,91,,536,utf-8,0,427
1527358071913,520,https://calfibonacci.azurewebsites.net/api/calcFibonacci,200,OK,Thread Group 11-57,text,true,,307,151,1,88,,520,utf-8,0,424
1527358073413,509,https://calfibonacci.azurewebsites.net/api/calcFibonacci,200,OK,Thread Group 11-58,text,true,,307,151,1,89,,509,utf-8,0,412
1527358074917,530,https://calfibonacci.azurewebsites.net/api/calcFibonacci,200,OK,Thread Group 11-59,text,true,,307,151,1,88,,530,utf-8,0,423
1527358076412,511,https://calfibonacci.azurewebsites.net/api/calcFibonacci,200,OK,Thread Group 11-60,text,true,,307,151,1,91,,511,utf-8,0,414
1527358077940,532,https://calfibonacci.azurewebsites.net/api/calcFibonacci,200,OK,Thread Group 11-61,text,true,,307,151,1,88,,532,utf-8,0,429
1527358079441,522,https://calfibonacci.azurewebsites.net/api/calcFibonacci,200,OK,Thread Group 11-62,text,true,,307,151,1,89,,522,utf-8,0,425
1527358080941,517,https://calfibonacci.azurewebsites.net/api/calcFibonacci,200,OK,Thread Group 11-63,text,true,,307,151,1,85,,517,utf-8,0,421
1527358082412,524,https://calfibonacci.azurewebsites.net/api/calcFibonacci,200,OK,Thread Group 11-64,text,true,,307,151,1,85,,524,utf-8,0,420
1527358083918,528,https://calfibonacci.azurewebsites.net/api/calcFibonacci,200,OK,Thread Group 11-65,text,true,,307,151,1,86,,528,utf-8,0,429
1527358085412,552,https://calfibonacci.azurewebsites.net/api/calcFibonacci,200,OK,Thread Group 11-66,text,true,,307,151,1,87,,552,utf-8,0,448
1527358086911,534,https://calfibonacci.azurewebsites.net/api/calcFibonacci,200,OK,Thread Group 11-67,text,true,,307,151,1,87,,534,utf-8,0,433
1527358088415,513,https://calfibonacci.azurewebsites.net/api/calcFibonacci,200,OK,Thread Group 11-68,text,true,,307,151,1,84,,513,utf-8,0,417
1527358089911,509,https://calfibonacci.azurewebsites.net/api/calcFibonacci,200,OK,Thread Group 11-69,text,true,,307,151,1,86,,509,utf-8,0,412
1527358091413,524,https://calfibonacci.azurewebsites.net/api/calcFibonacci,200,OK,Thread Group 11-70,text,true,,307,151,1,89,,524,utf-8,0,422
1527358092942,525,https://calfibonacci.azurewebsites.net/api/calcFibonacci,200,OK,Thread Group 11-71,text,true,,307,151,1,89,,525,utf-8,0,429
1527358094440,538,https://calfibonacci.azurewebsites.net/api/calcFibonacci,200,OK,Thread Group 11-72,text,true,,307,151,1,87,,538,utf-8,0,430
1527358095940,519,https://calfibonacci.azurewebsites.net/api/calcFibonacci,200,OK,Thread Group 11-73,text,true,,307,151,1,87,,519,utf-8,0,419
1527358097411,534,https://calfibonacci.azurewebsites.net/api/calcFibonacci,200,OK,Thread Group 11-74,text,true,,307,151,1,85,,534,utf-8,0,431
1527358098913,532,https://calfibonacci.azurewebsites.net/api/calcFibonacci,200,OK,Thread Group 11-75,text,true,,307,151,1,83,,532,utf-8,0,435
1527358100382,515,https://calfibonacci.azurewebsites.net/api/calcFibonacci,200,OK,Thread Group 11-76,text,true,,307,151,1,88,,515,utf-8,0,416
1527358101911,525,https://calfibonacci.azurewebsites.net/api/calcFibonacci,200,OK,Thread Group 11-77,text,true,,307,151,1,90,,525,utf-8,0,427
1527358103401,515,https://calfibonacci.azurewebsites.net/api/calcFibonacci,200,OK,Thread Group 11-78,text,true,,307,151,1,90,,515,utf-8,0,418
1527358104917,525,https://calfibonacci.azurewebsites.net/api/calcFibonacci,200,OK,Thread Group 11-79,text,true,,307,151,1,88,,525,utf-8,0,428
1527358106414,514,https://calfibonacci.azurewebsites.net/api/calcFibonacci,200,OK,Thread Group 11-80,text,true,,307,151,1,86,,514,utf-8,0,414
1527358107945,525,https://calfibonacci.azurewebsites.net/api/calcFibonacci,200,OK,Thread Group 11-81,text,true,,307,151,1,87,,525,utf-8,0,429
1527358109440,539,https://calfibonacci.azurewebsites.net/api/calcFibonacci,200,OK,Thread Group 11-82,text,true,,307,151,1,90,,539,utf-8,0,437
1527358110946,532,https://calfibonacci.azurewebsites.net/api/calcFibonacci,200,OK,Thread Group 11-83,text,true,,307,151,1,91,,532,utf-8,0,431
1527358112414,529,https://calfibonacci.azurewebsites.net/api/calcFibonacci,200,OK,Thread Group 11-84,text,true,,307,151,1,91,,529,utf-8,0,432
1527358113912,519,https://calfibonacci.azurewebsites.net/api/calcFibonacci,200,OK,Thread Group 11-85,text,true,,307,151,1,91,,519,utf-8,0,424
1527358115413,526,https://calfibonacci.azurewebsites.net/api/calcFibonacci,200,OK,Thread Group 11-86,text,true,,307,151,1,87,,526,utf-8,0,430
1527358116918,1586,https://calfibonacci.azurewebsites.net/api/calcFibonacci,200,OK,Thread Group 11-87,text,true,,307,151,2,92,,1586,utf-8,0,1486
1527358118413,517,https://calfibonacci.azurewebsites.net/api/calcFibonacci,200,OK,Thread Group 11-88,text,true,,307,151,1,89,,517,utf-8,0,420
1527358119914,562,https://calfibonacci.azurewebsites.net/api/calcFibonacci,200,OK,Thread Group 11-89,text,true,,307,151,1,86,,562,utf-8,0,465
1527358121414,531,https://calfibonacci.azurewebsites.net/api/calcFibonacci,200,OK,Thread Group 11-90,text,true,,307,151,1,86,,531,utf-8,0,429
1527358122943,569,https://calfibonacci.azurewebsites.net/api/calcFibonacci,200,OK,Thread Group 11-91,text,true,,307,151,1,85,,569,utf-8,0,417
1527358124441,514,https://calfibonacci.azurewebsites.net/api/calcFibonacci,200,OK,Thread Group 11-92,text,true,,307,151,1,86,,514,utf-8,0,418
1527358125941,527,https://calfibonacci.azurewebsites.net/api/calcFibonacci,200,OK,Thread Group 11-93,text,true,,307,151,1,86,,527,utf-8,0,422
1527358127412,531,https://calfibonacci.azurewebsites.net/api/calcFibonacci,200,OK,Thread Group 11-94,text,true,,307,151,1,87,,531,utf-8,0,430
1527358128913,535,https://calfibonacci.azurewebsites.net/api/calcFibonacci,200,OK,Thread Group 11-95,text,true,,307,151,1,86,,535,utf-8,0,431
1527358130413,525,https://calfibonacci.azurewebsites.net/api/calcFibonacci,200,OK,Thread Group 11-96,text,true,,307,151,1,84,,525,utf-8,0,428
1527358131912,559,https://calfibonacci.azurewebsites.net/api/calcFibonacci,200,OK,Thread Group 11-97,text,true,,307,151,1,83,,559,utf-8,0,432
1527358133412,517,https://calfibonacci.azurewebsites.net/api/calcFibonacci,200,OK,Thread Group 11-98,text,true,,307,151,1,85,,517,utf-8,0,419
1527358134912,919,https://calfibonacci.azurewebsites.net/api/calcFibonacci,200,OK,Thread Group 11-99,text,true,,307,151,1,84,,919,utf-8,0,435
1527358136412,555,https://calfibonacci.azurewebsites.net/api/calcFibonacci,200,OK,Thread Group 11-100,text,true,,307,151,1,84,,555,utf-8,0,450
1527358137942,531,https://calfibonacci.azurewebsites.net/api/calcFibonacci,200,OK,Thread Group 11-101,text,true,,307,151,1,89,,531,utf-8,0,435
1527358139440,519,https://calfibonacci.azurewebsites.net/api/calcFibonacci,200,OK,Thread Group 11-102,text,true,,307,151,1,87,,519,utf-8,0,421
1527358140942,533,https://calfibonacci.azurewebsites.net/api/calcFibonacci,200,OK,Thread Group 11-103,text,true,,307,151,1,83,,533,utf-8,0,435
1527358142412,559,https://calfibonacci.azurewebsites.net/api/calcFibonacci,200,OK,Thread Group 11-104,text,true,,307,151,1,86,,559,utf-8,0,456
1527358143916,511,https://calfibonacci.azurewebsites.net/api/calcFibonacci,200,OK,Thread Group 11-105,text,true,,307,151,1,90,,511,utf-8,0,415
1527358145411,533,https://calfibonacci.azurewebsites.net/api/calcFibonacci,200,OK,Thread Group 11-106,text,true,,307,151,1,85,,533,utf-8,0,436
1527358146912,514,https://calfibonacci.azurewebsites.net/api/calcFibonacci,200,OK,Thread Group 11-107,text,true,,307,151,1,88,,514,utf-8,0,416
1527358148411,525,https://calfibonacci.azurewebsites.net/api/calcFibonacci,200,OK,Thread Group 11-108,text,true,,307,151,1,89,,525,utf-8,0,423
1527358149912,512,https://calfibonacci.azurewebsites.net/api/calcFibonacci,200,OK,Thread Group 11-109,text,true,,307,151,1,88,,512,utf-8,0,415
1527358151412,523,https://calfibonacci.azurewebsites.net/api/calcFibonacci,200,OK,Thread Group 11-110,text,true,,307,151,1,88,,522,utf-8,0,423
1527358152912,543,https://calfibonacci.azurewebsites.net/api/calcFibonacci,200,OK,Thread Group 11-111,text,true,,307,151,1,89,,543,utf-8,0,442
1527358154412,543,https://calfibonacci.azurewebsites.net/api/calcFibonacci,200,OK,Thread Group 11-112,text,true,,307,151,1,88,,543,utf-8,0,446
1527358155912,548,https://calfibonacci.azurewebsites.net/api/calcFibonacci,200,OK,Thread Group 11-113,text,true,,307,151,1,88,,548,utf-8,0,434
1527358157411,518,https://calfibonacci.azurewebsites.net/api/calcFibonacci,200,OK,Thread Group 11-114,text,true,,307,151,1,90,,518,utf-8,0,421
1527358158912,530,https://calfibonacci.azurewebsites.net/api/calcFibonacci,200,OK,Thread Group 11-115,text,true,,307,151,1,88,,530,utf-8,0,428
1527358160411,1713,https://calfibonacci.azurewebsites.net/api/calcFibonacci,200,OK,Thread Group 11-116,text,true,,307,151,2,92,,1713,utf-8,0,1476
1527358161912,664,https://calfibonacci.azurewebsites.net/api/calcFibonacci,200,OK,Thread Group 11-117,text,true,,307,151,1,85,,664,utf-8,0,563
1527358163412,526,https://calfibonacci.azurewebsites.net/api/calcFibonacci,200,OK,Thread Group 11-118,text,true,,307,151,1,85,,526,utf-8,0,429
1527358164914,541,https://calfibonacci.azurewebsites.net/api/calcFibonacci,200,OK,Thread Group 11-119,text,true,,307,151,1,86,,541,utf-8,0,434
1527358166412,523,https://calfibonacci.azurewebsites.net/api/calcFibonacci,200,OK,Thread Group 11-120,text,true,,307,151,1,91,,523,utf-8,0,422
1527358167911,517,https://calfibonacci.azurewebsites.net/api/calcFibonacci,200,OK,Thread Group 11-121,text,true,,307,151,1,89,,517,utf-8,0,421
1527358169412,527,https://calfibonacci.azurewebsites.net/api/calcFibonacci,200,OK,Thread Group 11-122,text,true,,307,151,1,89,,527,utf-8,0,430
1527358170911,517,https://calfibonacci.azurewebsites.net/api/calcFibonacci,200,OK,Thread Group 11-123,text,true,,307,151,1,93,,517,utf-8,0,421
1527358172439,527,https://calfibonacci.azurewebsites.net/api/calcFibonacci,200,OK,Thread Group 11-124,text,true,,307,151,1,90,,527,utf-8,0,422
1527358173939,513,https://calfibonacci.azurewebsites.net/api/calcFibonacci,200,OK,Thread Group 11-125,text,true,,307,151,1,90,,513,utf-8,0,416
1527358175439,533,https://calfibonacci.azurewebsites.net/api/calcFibonacci,200,OK,Thread Group 11-126,text,true,,307,151,1,91,,533,utf-8,0,436
1527358176911,518,https://calfibonacci.azurewebsites.net/api/calcFibonacci,200,OK,Thread Group 11-127,text,true,,307,151,1,88,,518,utf-8,0,421
1527358178411,515,https://calfibonacci.azurewebsites.net/api/calcFibonacci,200,OK,Thread Group 11-128,text,true,,307,151,1,87,,515,utf-8,0,418
1527358179912,1848,https://calfibonacci.azurewebsites.net/api/calcFibonacci,200,OK,Thread Group 11-129,text,true,,307,151,2,88,,1848,utf-8,0,1747
1527358181411,520,https://calfibonacci.azurewebsites.net/api/calcFibonacci,200,OK,Thread Group 11-130,text,true,,307,151,1,85,,520,utf-8,0,424
1527358182943,527,https://calfibonacci.azurewebsites.net/api/calcFibonacci,200,OK,Thread Group 11-131,text,true,,307,151,1,84,,527,utf-8,0,430
1527358184446,532,https://calfibonacci.azurewebsites.net/api/calcFibonacci,200,OK,Thread Group 11-132,text,true,,307,151,1,85,,532,utf-8,0,428
1527358185914,518,https://calfibonacci.azurewebsites.net/api/calcFibonacci,200,OK,Thread Group 11-133,text,true,,307,151,1,88,,518,utf-8,0,421
1527358187440,612,https://calfibonacci.azurewebsites.net/api/calcFibonacci,200,OK,Thread Group 11-134,text,true,,307,151,1,86,,612,utf-8,0,511
1527358188941,523,https://calfibonacci.azurewebsites.net/api/calcFibonacci,200,OK,Thread Group 11-135,text,true,,307,151,1,87,,523,utf-8,0,428
1527358190439,520,https://calfibonacci.azurewebsites.net/api/calcFibonacci,200,OK,Thread Group 11-136,text,true,,307,151,1,86,,520,utf-8,0,418
1527358191911,515,https://calfibonacci.azurewebsites.net/api/calcFibonacci,200,OK,Thread Group 11-137,text,true,,307,151,1,84,,515,utf-8,0,418
1527358193411,539,https://calfibonacci.azurewebsites.net/api/calcFibonacci,200,OK,Thread Group 11-138,text,true,,307,151,1,83,,539,utf-8,0,420
1527358194911,526,https://calfibonacci.azurewebsites.net/api/calcFibonacci,200,OK,Thread Group 11-139,text,true,,307,151,1,85,,526,utf-8,0,427
1527358196412,523,https://calfibonacci.azurewebsites.net/api/calcFibonacci,200,OK,Thread Group 11-140,text,true,,307,151,1,87,,523,utf-8,0,425
1527358197941,539,https://calfibonacci.azurewebsites.net/api/calcFibonacci,200,OK,Thread Group 11-141,text,true,,307,151,1,82,,539,utf-8,0,417
1527358199441,524,https://calfibonacci.azurewebsites.net/api/calcFibonacci,200,OK,Thread Group 11-142,text,true,,307,151,1,85,,524,utf-8,0,428
1527358200941,530,https://calfibonacci.azurewebsites.net/api/calcFibonacci,200,OK,Thread Group 11-143,text,true,,307,151,1,84,,530,utf-8,0,433
1527358202444,524,https://calfibonacci.azurewebsites.net/api/calcFibonacci,200,OK,Thread Group 11-144,text,true,,307,151,1,86,,524,utf-8,0,423
1527358203941,526,https://calfibonacci.azurewebsites.net/api/calcFibonacci,200,OK,Thread Group 11-145,text,true,,307,151,1,87,,526,utf-8,0,425
1527358205440,531,https://calfibonacci.azurewebsites.net/api/calcFibonacci,200,OK,Thread Group 11-146,text,true,,307,151,1,83,,531,utf-8,0,428
1527358206912,530,https://calfibonacci.azurewebsites.net/api/calcFibonacci,200,OK,Thread Group 11-147,text,true,,307,151,1,85,,530,utf-8,0,426
1527358208411,527,https://calfibonacci.azurewebsites.net/api/calcFibonacci,200,OK,Thread Group 11-148,text,true,,307,151,1,86,,527,utf-8,0,429
1527358209916,519,https://calfibonacci.azurewebsites.net/api/calcFibonacci,200,OK,Thread Group 11-149,text,true,,307,151,1,83,,519,utf-8,0,422
1527358211412,531,https://calfibonacci.azurewebsites.net/api/calcFibonacci,200,OK,Thread Group 11-150,text,true,,307,151,1,84,,531,utf-8,0,430
1527358212941,531,https://calfibonacci.azurewebsites.net/api/calcFibonacci,200,OK,Thread Group 11-151,text,true,,307,151,1,85,,531,utf-8,0,433
1527358214441,519,https://calfibonacci.azurewebsites.net/api/calcFibonacci,200,OK,Thread Group 11-152,text,true,,307,151,1,84,,519,utf-8,0,416
1527358215940,523,https://calfibonacci.azurewebsites.net/api/calcFibonacci,200,OK,Thread Group 11-153,text,true,,307,151,1,84,,523,utf-8,0,426
1527358217440,519,https://calfibonacci.azurewebsites.net/api/calcFibonacci,200,OK,Thread Group 11-154,text,true,,307,151,1,84,,519,utf-8,0,422
1527358218940,529,https://calfibonacci.azurewebsites.net/api/calcFibonacci,200,OK,Thread Group 11-155,text,true,,307,151,1,87,,529,utf-8,0,424
1527358220440,528,https://calfibonacci.azurewebsites.net/api/calcFibonacci,200,OK,Thread Group 11-156,text,true,,307,151,1,88,,528,utf-8,0,427
1527358221911,540,https://calfibonacci.azurewebsites.net/api/calcFibonacci,200,OK,Thread Group 11-157,text,true,,307,151,1,85,,540,utf-8,0,431
1527358223426,571,https://calfibonacci.azurewebsites.net/api/calcFibonacci,200,OK,Thread Group 11-158,text,true,,307,151,1,88,,571,utf-8,0,420
1527358224926,520,https://calfibonacci.azurewebsites.net/api/calcFibonacci,200,OK,Thread Group 11-159,text,true,,307,151,1,89,,520,utf-8,0,422
1527358226426,531,https://calfibonacci.azurewebsites.net/api/calcFibonacci,200,OK,Thread Group 11-160,text,true,,307,151,1,87,,531,utf-8,0,429
1527358227965,519,https://calfibonacci.azurewebsites.net/api/calcFibonacci,200,OK,Thread Group 11-161,text,true,,307,151,1,83,,519,utf-8,0,423
1527358229464,519,https://calfibonacci.azurewebsites.net/api/calcFibonacci,200,OK,Thread Group 11-162,text,true,,307,151,1,86,,519,utf-8,0,424
1527358230961,520,https://calfibonacci.azurewebsites.net/api/calcFibonacci,200,OK,Thread Group 11-163,text,true,,307,151,1,87,,520,utf-8,0,424
1527358232456,542,https://calfibonacci.azurewebsites.net/api/calcFibonacci,200,OK,Thread Group 11-164,text,true,,307,151,1,84,,542,utf-8,0,445
1527358233957,527,https://calfibonacci.azurewebsites.net/api/calcFibonacci,200,OK,Thread Group 11-165,text,true,,307,151,1,87,,527,utf-8,0,422
1527358235464,532,https://calfibonacci.azurewebsites.net/api/calcFibonacci,200,OK,Thread Group 11-166,text,true,,307,151,1,88,,532,utf-8,0,429
1527358236926,534,https://calfibonacci.azurewebsites.net/api/calcFibonacci,200,OK,Thread Group 11-167,text,true,,307,151,1,88,,534,utf-8,0,431
1527358238426,523,https://calfibonacci.azurewebsites.net/api/calcFibonacci,200,OK,Thread Group 11-168,text,true,,307,151,1,90,,523,utf-8,0,426
1527358239926,534,https://calfibonacci.azurewebsites.net/api/calcFibonacci,200,OK,Thread Group 11-169,text,true,,307,151,1,86,,534,utf-8,0,429
1527358241426,506,https://calfibonacci.azurewebsites.net/api/calcFibonacci,200,OK,Thread Group 11-170,text,true,,307,151,1,88,,506,utf-8,0,410
1527358244456,1818,https://calfibonacci.azurewebsites.net/api/calcFibonacci,200,OK,Thread Group 11-172,text,true,,307,151,3,88,,1818,utf-8,0,1721
1527358247426,526,https://calfibonacci.azurewebsites.net/api/calcFibonacci,200,OK,Thread Group 11-174,text,true,,307,151,3,90,,526,utf-8,0,423
1527358248957,522,https://calfibonacci.azurewebsites.net/api/calcFibonacci,200,OK,Thread Group 11-175,text,true,,307,151,3,86,,522,utf-8,0,419
1527358250457,523,https://calfibonacci.azurewebsites.net/api/calcFibonacci,200,OK,Thread Group 11-176,text,true,,307,151,3,89,,523,utf-8,0,424
1527358251957,518,https://calfibonacci.azurewebsites.net/api/calcFibonacci,200,OK,Thread Group 11-177,text,true,,307,151,3,86,,518,utf-8,0,422
1527358242956,9587,https://calfibonacci.azurewebsites.net/api/calcFibonacci,200,OK,Thread Group 11-171,text,true,,307,151,2,85,,9587,utf-8,0,3215
1527358245956,7076,https://calfibonacci.azurewebsites.net/api/calcFibonacci,200,OK,Thread Group 11-173,text,true,,307,151,1,84,,7076,utf-8,0,413
1527358253457,579,https://calfibonacci.azurewebsites.net/api/calcFibonacci,200,OK,Thread Group 11-178,text,true,,307,151,1,84,,579,utf-8,0,430
1527358254957,523,https://calfibonacci.azurewebsites.net/api/calcFibonacci,200,OK,Thread Group 11-179,text,true,,307,151,1,86,,523,utf-8,0,426
1527358256458,510,https://calfibonacci.azurewebsites.net/api/calcFibonacci,200,OK,Thread Group 11-180,text,true,,307,151,1,84,,510,utf-8,0,413
1527358257957,525,https://calfibonacci.azurewebsites.net/api/calcFibonacci,200,OK,Thread Group 11-181,text,true,,307,151,1,84,,525,utf-8,0,425
1527358259457,520,https://calfibonacci.azurewebsites.net/api/calcFibonacci,200,OK,Thread Group 11-182,text,true,,307,151,1,86,,520,utf-8,0,424
1527358260957,523,https://calfibonacci.azurewebsites.net/api/calcFibonacci,200,OK,Thread Group 11-183,text,true,,307,151,1,86,,523,utf-8,0,423
1527358262457,527,https://calfibonacci.azurewebsites.net/api/calcFibonacci,200,OK,Thread Group 11-184,text,true,,307,151,1,84,,527,utf-8,0,425
1527358263957,519,https://calfibonacci.azurewebsites.net/api/calcFibonacci,200,OK,Thread Group 11-185,text,true,,307,151,1,85,,519,utf-8,0,416
1527358265457,541,https://calfibonacci.azurewebsites.net/api/calcFibonacci,200,OK,Thread Group 11-186,text,true,,307,151,1,87,,541,utf-8,0,444
1527358266957,528,https://calfibonacci.azurewebsites.net/api/calcFibonacci,200,OK,Thread Group 11-187,text,true,,307,151,1,87,,528,utf-8,0,426
1527358268457,516,https://calfibonacci.azurewebsites.net/api/calcFibonacci,200,OK,Thread Group 11-188,text,true,,307,151,1,87,,516,utf-8,0,419
1527358269957,515,https://calfibonacci.azurewebsites.net/api/calcFibonacci,200,OK,Thread Group 11-189,text,true,,307,151,1,83,,515,utf-8,0,419
1527358271457,542,https://calfibonacci.azurewebsites.net/api/calcFibonacci,200,OK,Thread Group 11-190,text,true,,307,151,1,86,,542,utf-8,0,423
1527358272989,518,https://calfibonacci.azurewebsites.net/api/calcFibonacci,200,OK,Thread Group 11-191,text,true,,307,151,1,83,,518,utf-8,0,420
1527358274486,518,https://calfibonacci.azurewebsites.net/api/calcFibonacci,200,OK,Thread Group 11-192,text,true,,307,151,1,86,,518,utf-8,0,416
1527358275987,515,https://calfibonacci.azurewebsites.net/api/calcFibonacci,200,OK,Thread Group 11-193,text,true,,307,151,1,86,,515,utf-8,0,414
1527358277457,534,https://calfibonacci.azurewebsites.net/api/calcFibonacci,200,OK,Thread Group 11-194,text,true,,307,151,1,85,,534,utf-8,0,429
1527358278957,527,https://calfibonacci.azurewebsites.net/api/calcFibonacci,200,OK,Thread Group 11-195,text,true,,307,151,1,86,,527,utf-8,0,431
1527358280458,534,https://calfibonacci.azurewebsites.net/api/calcFibonacci,200,OK,Thread Group 11-196,text,true,,307,151,1,82,,534,utf-8,0,424
1527358281958,517,https://calfibonacci.azurewebsites.net/api/calcFibonacci,200,OK,Thread Group 11-197,text,true,,307,151,1,85,,517,utf-8,0,421
1527358283457,536,https://calfibonacci.azurewebsites.net/api/calcFibonacci,200,OK,Thread Group 11-198,text,true,,307,151,1,85,,536,utf-8,0,428
1527358284958,521,https://calfibonacci.azurewebsites.net/api/calcFibonacci,200,OK,Thread Group 11-199,text,true,,307,151,1,87,,521,utf-8,0,417
1527358286436,510,https://calfibonacci.azurewebsites.net/api/calcFibonacci,200,OK,Thread Group 11-200,text,true,,307,151,1,86,,510,utf-8,0,415
