timeStamp,elapsed,label,responseCode,responseMessage,threadName,dataType,success,failureMessage,bytes,sentBytes,grpThreads,allThreads,Latency,IdleTime,Connect
1527357987838,9241,https://us-central1-go-fibonacci-recur.cloudfunctions.net/http-1GB,200,OK,Thread Group 8-1,text,true,,429,161,7,64,9241,0,1670
1527357990849,6649,https://us-central1-go-fibonacci-recur.cloudfunctions.net/http-1GB,200,OK,Thread Group 8-3,text,true,,425,161,6,59,6649,0,487
1527357989362,8360,https://us-central1-go-fibonacci-recur.cloudfunctions.net/http-1GB,200,OK,Thread Group 8-2,text,true,,425,161,5,54,8360,0,493
1527357992363,6976,https://us-central1-go-fibonacci-recur.cloudfunctions.net/http-1GB,200,OK,Thread Group 8-4,text,true,,425,161,5,55,6976,0,494
1527357993864,10911,https://us-central1-go-fibonacci-recur.cloudfunctions.net/http-1GB,200,OK,Thread Group 8-5,text,true,,425,161,8,73,10911,0,500
1527357996834,8442,https://us-central1-go-fibonacci-recur.cloudfunctions.net/http-1GB,200,OK,Thread Group 8-7,text,true,,425,161,7,71,8442,0,512
1527357995363,10214,https://us-central1-go-fibonacci-recur.cloudfunctions.net/http-1GB,200,OK,Thread Group 8-6,text,true,,425,161,6,68,10214,0,496
1527357998333,8913,https://us-central1-go-fibonacci-recur.cloudfunctions.net/http-1GB,200,OK,Thread Group 8-8,text,true,,425,161,6,73,8913,0,480
1527358004364,7899,https://us-central1-go-fibonacci-recur.cloudfunctions.net/http-1GB,200,OK,Thread Group 8-12,text,true,,425,161,9,90,7899,0,492
1527357999833,12810,https://us-central1-go-fibonacci-recur.cloudfunctions.net/http-1GB,200,OK,Thread Group 8-9,text,true,,429,161,8,88,12810,0,494
1527358001333,12626,https://us-central1-go-fibonacci-recur.cloudfunctions.net/http-1GB,200,OK,Thread Group 8-10,text,true,,425,161,8,91,12626,0,492
1527358002864,11527,https://us-central1-go-fibonacci-recur.cloudfunctions.net/http-1GB,200,OK,Thread Group 8-11,text,true,,425,161,7,88,11527,0,499
1527358005863,14127,https://us-central1-go-fibonacci-recur.cloudfunctions.net/http-1GB,200,OK,Thread Group 8-13,text,true,,425,161,10,97,14127,0,494
1527358007362,14465,https://us-central1-go-fibonacci-recur.cloudfunctions.net/http-1GB,200,OK,Thread Group 8-14,text,true,,425,161,10,100,14465,0,503
1527358013332,8889,https://us-central1-go-fibonacci-recur.cloudfunctions.net/http-1GB,200,OK,Thread Group 8-18,text,true,,425,161,9,100,8889,0,490
1527358008863,13802,https://us-central1-go-fibonacci-recur.cloudfunctions.net/http-1GB,200,OK,Thread Group 8-15,text,true,,425,161,9,108,13802,0,489
1527358019362,8103,https://us-central1-go-fibonacci-recur.cloudfunctions.net/http-1GB,200,OK,Thread Group 8-22,text,true,,425,161,11,112,8103,0,505
1527358011833,16907,https://us-central1-go-fibonacci-recur.cloudfunctions.net/http-1GB,200,OK,Thread Group 8-17,text,true,,425,161,11,114,16907,0,497
1527358014832,15149,https://us-central1-go-fibonacci-recur.cloudfunctions.net/http-1GB,200,OK,Thread Group 8-19,text,true,,425,161,11,115,15149,0,499
1527358022362,8108,https://us-central1-go-fibonacci-recur.cloudfunctions.net/http-1GB,200,OK,Thread Group 8-24,text,true,,425,161,10,106,8108,0,492
1527358017862,17817,https://us-central1-go-fibonacci-recur.cloudfunctions.net/http-1GB,200,OK,Thread Group 8-21,text,true,,425,161,12,104,17817,0,504
1527358028334,8915,https://us-central1-go-fibonacci-recur.cloudfunctions.net/http-1GB,200,OK,Thread Group 8-28,text,true,,425,161,12,108,8915,0,494
1527358020863,17568,https://us-central1-go-fibonacci-recur.cloudfunctions.net/http-1GB,200,OK,Thread Group 8-23,text,true,,429,161,12,107,17568,0,504
1527358010363,28414,https://us-central1-go-fibonacci-recur.cloudfunctions.net/http-1GB,200,OK,Thread Group 8-16,text,true,,425,161,11,109,28414,0,485
1527358023863,15622,https://us-central1-go-fibonacci-recur.cloudfunctions.net/http-1GB,200,OK,Thread Group 8-25,text,true,,429,161,11,112,15622,0,490
1527358037362,5453,https://us-central1-go-fibonacci-recur.cloudfunctions.net/http-1GB,200,OK,Thread Group 8-34,text,true,,429,161,12,109,5453,0,495
1527358025362,17513,https://us-central1-go-fibonacci-recur.cloudfunctions.net/http-1GB,200,OK,Thread Group 8-26,text,true,,425,161,11,108,17513,0,490
1527358016333,28150,https://us-central1-go-fibonacci-recur.cloudfunctions.net/http-1GB,200,OK,Thread Group 8-20,text,true,,425,161,11,104,28150,0,499
1527358029833,16095,https://us-central1-go-fibonacci-recur.cloudfunctions.net/http-1GB,200,OK,Thread Group 8-29,text,true,,425,161,11,100,16095,0,489
1527358038863,7902,https://us-central1-go-fibonacci-recur.cloudfunctions.net/http-1GB,200,OK,Thread Group 8-35,text,true,,425,161,11,106,7902,0,489
1527358026834,20269,https://us-central1-go-fibonacci-recur.cloudfunctions.net/http-1GB,200,OK,Thread Group 8-27,text,true,,425,161,10,101,20269,0,492
1527358040363,8411,https://us-central1-go-fibonacci-recur.cloudfunctions.net/http-1GB,200,OK,Thread Group 8-36,text,true,,425,161,10,102,8411,0,488
1527358041834,7740,https://us-central1-go-fibonacci-recur.cloudfunctions.net/http-1GB,200,OK,Thread Group 8-37,text,true,,425,161,10,111,7740,0,496
1527358034363,16749,https://us-central1-go-fibonacci-recur.cloudfunctions.net/http-1GB,200,OK,Thread Group 8-32,text,true,,425,161,10,110,16749,0,489
1527358043334,8294,https://us-central1-go-fibonacci-recur.cloudfunctions.net/http-1GB,200,OK,Thread Group 8-38,text,true,,425,161,9,104,8294,0,493
1527358035862,16133,https://us-central1-go-fibonacci-recur.cloudfunctions.net/http-1GB,200,OK,Thread Group 8-33,text,true,,425,161,8,98,16133,0,485
1527358046334,6374,https://us-central1-go-fibonacci-recur.cloudfunctions.net/http-1GB,200,OK,Thread Group 8-40,text,true,,425,161,8,102,6374,0,494
1527358032863,21157,https://us-central1-go-fibonacci-recur.cloudfunctions.net/http-1GB,200,OK,Thread Group 8-31,text,true,,425,161,8,108,21157,0,481
1527358031335,22753,https://us-central1-go-fibonacci-recur.cloudfunctions.net/http-1GB,200,OK,Thread Group 8-30,text,true,,429,161,7,105,22753,0,495
1527358047863,7614,https://us-central1-go-fibonacci-recur.cloudfunctions.net/http-1GB,200,OK,Thread Group 8-41,text,true,,429,161,7,106,7614,0,481
1527358050862,7433,https://us-central1-go-fibonacci-recur.cloudfunctions.net/http-1GB,200,OK,Thread Group 8-43,text,true,,429,161,7,94,7433,0,481
1527358049362,9263,https://us-central1-go-fibonacci-recur.cloudfunctions.net/http-1GB,200,OK,Thread Group 8-42,text,true,,425,161,7,99,9263,0,1849
1527358052366,7549,https://us-central1-go-fibonacci-recur.cloudfunctions.net/http-1GB,200,OK,Thread Group 8-44,text,true,,425,161,7,99,7549,0,492
1527358044834,15497,https://us-central1-go-fibonacci-recur.cloudfunctions.net/http-1GB,200,OK,Thread Group 8-39,text,true,,425,161,6,96,15497,0,483
1527358053863,8567,https://us-central1-go-fibonacci-recur.cloudfunctions.net/http-1GB,200,OK,Thread Group 8-45,text,true,,429,161,6,93,8567,0,497
1527358055363,8459,https://us-central1-go-fibonacci-recur.cloudfunctions.net/http-1GB,200,OK,Thread Group 8-46,text,true,,425,161,6,92,8459,0,492
1527358056833,7051,https://us-central1-go-fibonacci-recur.cloudfunctions.net/http-1GB,200,OK,Thread Group 8-47,text,true,,425,161,5,90,7051,0,481
1527358058334,8200,https://us-central1-go-fibonacci-recur.cloudfunctions.net/http-1GB,200,OK,Thread Group 8-48,text,true,,425,161,6,93,8200,0,485
1527358059834,8136,https://us-central1-go-fibonacci-recur.cloudfunctions.net/http-1GB,200,OK,Thread Group 8-49,text,true,,425,161,6,93,8136,0,482
1527358061334,7903,https://us-central1-go-fibonacci-recur.cloudfunctions.net/http-1GB,200,OK,Thread Group 8-50,text,true,,429,161,6,93,7903,0,485
1527358062863,7834,https://us-central1-go-fibonacci-recur.cloudfunctions.net/http-1GB,200,OK,Thread Group 8-51,text,true,,425,161,6,96,7834,0,490
1527358064363,8064,https://us-central1-go-fibonacci-recur.cloudfunctions.net/http-1GB,200,OK,Thread Group 8-52,text,true,,429,161,6,89,8064,0,533
1527358065862,7363,https://us-central1-go-fibonacci-recur.cloudfunctions.net/http-1GB,200,OK,Thread Group 8-53,text,true,,429,161,5,85,7363,0,482
1527358067361,8226,https://us-central1-go-fibonacci-recur.cloudfunctions.net/http-1GB,200,OK,Thread Group 8-54,text,true,,425,161,6,86,8226,0,493
1527358068861,9008,https://us-central1-go-fibonacci-recur.cloudfunctions.net/http-1GB,200,OK,Thread Group 8-55,text,true,,425,161,7,93,9008,0,486
1527358070361,8259,https://us-central1-go-fibonacci-recur.cloudfunctions.net/http-1GB,200,OK,Thread Group 8-56,text,true,,425,161,6,87,8259,0,497
1527358071834,8549,https://us-central1-go-fibonacci-recur.cloudfunctions.net/http-1GB,200,OK,Thread Group 8-57,text,true,,425,161,6,84,8549,0,486
1527358073333,7248,https://us-central1-go-fibonacci-recur.cloudfunctions.net/http-1GB,200,OK,Thread Group 8-58,text,true,,425,161,5,83,7248,0,487
1527358074834,7439,https://us-central1-go-fibonacci-recur.cloudfunctions.net/http-1GB,200,OK,Thread Group 8-59,text,true,,429,161,5,84,7439,0,495
1527358076334,8031,https://us-central1-go-fibonacci-recur.cloudfunctions.net/http-1GB,200,OK,Thread Group 8-60,text,true,,429,161,6,87,8031,0,553
1527358077862,8128,https://us-central1-go-fibonacci-recur.cloudfunctions.net/http-1GB,200,OK,Thread Group 8-61,text,true,,425,161,6,88,8128,0,491
1527358079363,7838,https://us-central1-go-fibonacci-recur.cloudfunctions.net/http-1GB,200,OK,Thread Group 8-62,text,true,,425,161,6,92,7838,0,492
1527358080863,7956,https://us-central1-go-fibonacci-recur.cloudfunctions.net/http-1GB,200,OK,Thread Group 8-63,text,true,,425,161,6,86,7955,0,488
1527358082334,7453,https://us-central1-go-fibonacci-recur.cloudfunctions.net/http-1GB,200,OK,Thread Group 8-64,text,true,,425,161,5,86,7453,0,495
1527358083834,7890,https://us-central1-go-fibonacci-recur.cloudfunctions.net/http-1GB,200,OK,Thread Group 8-65,text,true,,425,161,6,90,7890,0,493
1527358085334,7950,https://us-central1-go-fibonacci-recur.cloudfunctions.net/http-1GB,200,OK,Thread Group 8-66,text,true,,425,161,6,91,7950,0,486
1527358086833,7561,https://us-central1-go-fibonacci-recur.cloudfunctions.net/http-1GB,200,OK,Thread Group 8-67,text,true,,429,161,6,92,7561,0,527
1527358088333,7177,https://us-central1-go-fibonacci-recur.cloudfunctions.net/http-1GB,200,OK,Thread Group 8-68,text,true,,429,161,5,81,7177,0,482
1527358089833,7830,https://us-central1-go-fibonacci-recur.cloudfunctions.net/http-1GB,200,OK,Thread Group 8-69,text,true,,429,161,6,87,7830,0,488
1527358091333,7445,https://us-central1-go-fibonacci-recur.cloudfunctions.net/http-1GB,200,OK,Thread Group 8-70,text,true,,425,161,5,85,7445,0,492
1527358092862,9063,https://us-central1-go-fibonacci-recur.cloudfunctions.net/http-1GB,200,OK,Thread Group 8-71,text,true,,425,161,7,93,9063,0,490
1527358094365,8760,https://us-central1-go-fibonacci-recur.cloudfunctions.net/http-1GB,200,OK,Thread Group 8-72,text,true,,425,161,6,86,8760,0,497
1527358097333,7135,https://us-central1-go-fibonacci-recur.cloudfunctions.net/http-1GB,200,OK,Thread Group 8-74,text,true,,425,161,6,85,7135,0,487
1527358095862,9200,https://us-central1-go-fibonacci-recur.cloudfunctions.net/http-1GB,200,OK,Thread Group 8-73,text,true,,425,161,6,91,9200,0,484
1527358098848,8549,https://us-central1-go-fibonacci-recur.cloudfunctions.net/http-1GB,200,OK,Thread Group 8-75,text,true,,425,161,6,83,8549,0,491
1527358100348,7249,https://us-central1-go-fibonacci-recur.cloudfunctions.net/http-1GB,200,OK,Thread Group 8-76,text,true,,429,161,5,81,7249,0,487
1527358101849,8392,https://us-central1-go-fibonacci-recur.cloudfunctions.net/http-1GB,200,OK,Thread Group 8-77,text,true,,429,161,6,87,8392,0,487
1527358103349,7744,https://us-central1-go-fibonacci-recur.cloudfunctions.net/http-1GB,200,OK,Thread Group 8-78,text,true,,425,161,6,94,7744,0,512
1527358104849,8179,https://us-central1-go-fibonacci-recur.cloudfunctions.net/http-1GB,200,OK,Thread Group 8-79,text,true,,425,161,6,90,8179,0,485
1527358106349,7814,https://us-central1-go-fibonacci-recur.cloudfunctions.net/http-1GB,200,OK,Thread Group 8-80,text,true,,429,161,6,92,7814,0,488
1527358107877,8113,https://us-central1-go-fibonacci-recur.cloudfunctions.net/http-1GB,200,OK,Thread Group 8-81,text,true,,425,161,6,86,8113,0,489
1527358109377,8039,https://us-central1-go-fibonacci-recur.cloudfunctions.net/http-1GB,200,OK,Thread Group 8-82,text,true,,425,161,6,88,8039,0,500
1527358110877,9049,https://us-central1-go-fibonacci-recur.cloudfunctions.net/http-1GB,200,OK,Thread Group 8-83,text,true,,429,161,7,92,9049,0,1621
1527358112349,7643,https://us-central1-go-fibonacci-recur.cloudfunctions.net/http-1GB,200,OK,Thread Group 8-84,text,true,,429,161,6,91,7643,0,487
1527358113849,7577,https://us-central1-go-fibonacci-recur.cloudfunctions.net/http-1GB,200,OK,Thread Group 8-85,text,true,,425,161,6,89,7577,0,498
1527358115349,7823,https://us-central1-go-fibonacci-recur.cloudfunctions.net/http-1GB,200,OK,Thread Group 8-86,text,true,,425,161,6,91,7823,0,490
1527358116849,7503,https://us-central1-go-fibonacci-recur.cloudfunctions.net/http-1GB,200,OK,Thread Group 8-87,text,true,,425,161,6,86,7503,0,484
1527358118349,7724,https://us-central1-go-fibonacci-recur.cloudfunctions.net/http-1GB,200,OK,Thread Group 8-88,text,true,,425,161,6,90,7724,0,491
1527358119879,7770,https://us-central1-go-fibonacci-recur.cloudfunctions.net/http-1GB,200,OK,Thread Group 8-89,text,true,,425,161,6,91,7770,0,515
1527358121349,7756,https://us-central1-go-fibonacci-recur.cloudfunctions.net/http-1GB,200,OK,Thread Group 8-90,text,true,,425,161,6,94,7756,0,494
1527358122878,7136,https://us-central1-go-fibonacci-recur.cloudfunctions.net/http-1GB,200,OK,Thread Group 8-91,text,true,,429,161,5,82,7136,0,486
1527358124378,7103,https://us-central1-go-fibonacci-recur.cloudfunctions.net/http-1GB,200,OK,Thread Group 8-92,text,true,,425,161,5,80,7103,0,493
1527358125878,7720,https://us-central1-go-fibonacci-recur.cloudfunctions.net/http-1GB,200,OK,Thread Group 8-93,text,true,,429,161,6,88,7720,0,495
1527358127349,7445,https://us-central1-go-fibonacci-recur.cloudfunctions.net/http-1GB,200,OK,Thread Group 8-94,text,true,,425,161,5,87,7445,0,496
1527358128850,8129,https://us-central1-go-fibonacci-recur.cloudfunctions.net/http-1GB,200,OK,Thread Group 8-95,text,true,,425,161,6,83,8129,0,498
1527358130349,8308,https://us-central1-go-fibonacci-recur.cloudfunctions.net/http-1GB,200,OK,Thread Group 8-96,text,true,,429,161,6,88,8308,0,494
1527358131849,7133,https://us-central1-go-fibonacci-recur.cloudfunctions.net/http-1GB,200,OK,Thread Group 8-97,text,true,,425,161,5,84,7133,0,495
1527358133349,7447,https://us-central1-go-fibonacci-recur.cloudfunctions.net/http-1GB,200,OK,Thread Group 8-98,text,true,,429,161,5,87,7447,0,490
1527358134849,7688,https://us-central1-go-fibonacci-recur.cloudfunctions.net/http-1GB,200,OK,Thread Group 8-99,text,true,,425,161,6,89,7688,0,491
1527358136349,7305,https://us-central1-go-fibonacci-recur.cloudfunctions.net/http-1GB,200,OK,Thread Group 8-100,text,true,,429,161,5,83,7305,0,548
1527358137877,7545,https://us-central1-go-fibonacci-recur.cloudfunctions.net/http-1GB,200,OK,Thread Group 8-101,text,true,,425,161,6,90,7545,0,500
1527358139377,7794,https://us-central1-go-fibonacci-recur.cloudfunctions.net/http-1GB,200,OK,Thread Group 8-102,text,true,,425,161,6,90,7794,0,501
1527358140877,7327,https://us-central1-go-fibonacci-recur.cloudfunctions.net/http-1GB,200,OK,Thread Group 8-103,text,true,,429,161,5,83,7327,0,496
1527358142348,7166,https://us-central1-go-fibonacci-recur.cloudfunctions.net/http-1GB,200,OK,Thread Group 8-104,text,true,,425,161,5,85,7166,0,521
1527358143848,8147,https://us-central1-go-fibonacci-recur.cloudfunctions.net/http-1GB,200,OK,Thread Group 8-105,text,true,,425,161,6,86,8147,0,492
1527358145348,7535,https://us-central1-go-fibonacci-recur.cloudfunctions.net/http-1GB,200,OK,Thread Group 8-106,text,true,,425,161,6,89,7535,0,493
1527358146848,7469,https://us-central1-go-fibonacci-recur.cloudfunctions.net/http-1GB,200,OK,Thread Group 8-107,text,true,,429,161,5,88,7469,0,497
1527358148349,7521,https://us-central1-go-fibonacci-recur.cloudfunctions.net/http-1GB,200,OK,Thread Group 8-108,text,true,,425,161,6,90,7521,0,497
1527358149849,7471,https://us-central1-go-fibonacci-recur.cloudfunctions.net/http-1GB,200,OK,Thread Group 8-109,text,true,,425,161,5,90,7471,0,491
1527358151349,7498,https://us-central1-go-fibonacci-recur.cloudfunctions.net/http-1GB,200,OK,Thread Group 8-110,text,true,,429,161,5,91,7498,0,487
1527358152848,7806,https://us-central1-go-fibonacci-recur.cloudfunctions.net/http-1GB,200,OK,Thread Group 8-111,text,true,,429,161,6,92,7806,0,497
1527358154349,7246,https://us-central1-go-fibonacci-recur.cloudfunctions.net/http-1GB,200,OK,Thread Group 8-112,text,true,,425,161,5,83,7246,0,515
1527358155848,8154,https://us-central1-go-fibonacci-recur.cloudfunctions.net/http-1GB,200,OK,Thread Group 8-113,text,true,,425,161,6,84,8154,0,493
1527358157348,8480,https://us-central1-go-fibonacci-recur.cloudfunctions.net/http-1GB,200,OK,Thread Group 8-114,text,true,,425,161,6,84,8480,0,496
1527358158851,9171,https://us-central1-go-fibonacci-recur.cloudfunctions.net/http-1GB,200,OK,Thread Group 8-115,text,true,,425,161,7,97,9171,0,493
1527358160348,8105,https://us-central1-go-fibonacci-recur.cloudfunctions.net/http-1GB,200,OK,Thread Group 8-116,text,true,,429,161,6,88,8105,0,1539
1527358161849,7441,https://us-central1-go-fibonacci-recur.cloudfunctions.net/http-1GB,200,OK,Thread Group 8-117,text,true,,425,161,5,89,7441,0,698
1527358163349,7145,https://us-central1-go-fibonacci-recur.cloudfunctions.net/http-1GB,200,OK,Thread Group 8-118,text,true,,425,161,5,86,7145,0,495
1527358164849,8088,https://us-central1-go-fibonacci-recur.cloudfunctions.net/http-1GB,200,OK,Thread Group 8-119,text,true,,429,161,6,91,8088,0,489
1527358166349,7744,https://us-central1-go-fibonacci-recur.cloudfunctions.net/http-1GB,200,OK,Thread Group 8-120,text,true,,425,161,6,94,7744,0,488
1527358167848,7222,https://us-central1-go-fibonacci-recur.cloudfunctions.net/http-1GB,200,OK,Thread Group 8-121,text,true,,425,161,5,87,7222,0,486
1527358169348,7579,https://us-central1-go-fibonacci-recur.cloudfunctions.net/http-1GB,200,OK,Thread Group 8-122,text,true,,425,161,6,96,7579,0,490
1527358170820,7189,https://us-central1-go-fibonacci-recur.cloudfunctions.net/http-1GB,200,OK,Thread Group 8-123,text,true,,425,161,5,86,7189,0,492
1527358172376,10441,https://us-central1-go-fibonacci-recur.cloudfunctions.net/http-1GB,200,OK,Thread Group 8-124,text,true,,429,161,7,86,10441,0,3362
1527358173847,9051,https://us-central1-go-fibonacci-recur.cloudfunctions.net/http-1GB,200,OK,Thread Group 8-125,text,true,,429,161,7,88,9051,0,1881
1527358175376,7593,https://us-central1-go-fibonacci-recur.cloudfunctions.net/http-1GB,200,OK,Thread Group 8-126,text,true,,425,161,6,89,7593,0,502
1527358176848,7827,https://us-central1-go-fibonacci-recur.cloudfunctions.net/http-1GB,200,OK,Thread Group 8-127,text,true,,425,161,6,89,7827,0,491
1527358178348,7713,https://us-central1-go-fibonacci-recur.cloudfunctions.net/http-1GB,200,OK,Thread Group 8-128,text,true,,425,161,6,91,7713,0,490
1527358179849,7520,https://us-central1-go-fibonacci-recur.cloudfunctions.net/http-1GB,200,OK,Thread Group 8-129,text,true,,425,161,6,91,7520,0,492
1527358181348,7565,https://us-central1-go-fibonacci-recur.cloudfunctions.net/http-1GB,200,OK,Thread Group 8-130,text,true,,429,161,6,91,7565,0,488
1527358182878,7519,https://us-central1-go-fibonacci-recur.cloudfunctions.net/http-1GB,200,OK,Thread Group 8-131,text,true,,425,161,6,88,7519,0,495
1527358184378,7824,https://us-central1-go-fibonacci-recur.cloudfunctions.net/http-1GB,200,OK,Thread Group 8-132,text,true,,425,161,6,88,7824,0,496
1527358185879,7157,https://us-central1-go-fibonacci-recur.cloudfunctions.net/http-1GB,200,OK,Thread Group 8-133,text,true,,425,161,5,80,7157,0,488
1527358187376,7402,https://us-central1-go-fibonacci-recur.cloudfunctions.net/http-1GB,200,OK,Thread Group 8-134,text,true,,429,161,5,82,7402,0,490
1527358188876,7379,https://us-central1-go-fibonacci-recur.cloudfunctions.net/http-1GB,200,OK,Thread Group 8-135,text,true,,425,161,5,80,7379,0,486
1527358190376,7434,https://us-central1-go-fibonacci-recur.cloudfunctions.net/http-1GB,200,OK,Thread Group 8-136,text,true,,429,161,5,86,7434,0,488
1527358191848,7498,https://us-central1-go-fibonacci-recur.cloudfunctions.net/http-1GB,200,OK,Thread Group 8-137,text,true,,425,161,5,86,7498,0,490
1527358193348,7583,https://us-central1-go-fibonacci-recur.cloudfunctions.net/http-1GB,200,OK,Thread Group 8-138,text,true,,425,161,6,91,7583,0,493
1527358194848,7996,https://us-central1-go-fibonacci-recur.cloudfunctions.net/http-1GB,200,OK,Thread Group 8-139,text,true,,425,161,6,88,7996,0,499
1527358196348,7245,https://us-central1-go-fibonacci-recur.cloudfunctions.net/http-1GB,200,OK,Thread Group 8-140,text,true,,429,161,5,81,7245,0,496
1527358197878,7615,https://us-central1-go-fibonacci-recur.cloudfunctions.net/http-1GB,200,OK,Thread Group 8-141,text,true,,425,161,6,91,7615,0,487
1527358199378,7632,https://us-central1-go-fibonacci-recur.cloudfunctions.net/http-1GB,200,OK,Thread Group 8-142,text,true,,425,161,6,89,7632,0,482
1527358200879,8295,https://us-central1-go-fibonacci-recur.cloudfunctions.net/http-1GB,200,OK,Thread Group 8-143,text,true,,429,161,6,83,8295,0,495
1527358202378,8027,https://us-central1-go-fibonacci-recur.cloudfunctions.net/http-1GB,200,OK,Thread Group 8-144,text,true,,429,161,6,84,8027,0,485
1527358203877,7710,https://us-central1-go-fibonacci-recur.cloudfunctions.net/http-1GB,200,OK,Thread Group 8-145,text,true,,425,161,6,86,7710,0,500
1527358205377,8027,https://us-central1-go-fibonacci-recur.cloudfunctions.net/http-1GB,200,OK,Thread Group 8-146,text,true,,425,161,6,86,8027,0,493
1527358206849,7705,https://us-central1-go-fibonacci-recur.cloudfunctions.net/http-1GB,200,OK,Thread Group 8-147,text,true,,425,161,6,88,7705,0,485
1527358208348,7129,https://us-central1-go-fibonacci-recur.cloudfunctions.net/http-1GB,200,OK,Thread Group 8-148,text,true,,429,161,5,79,7129,0,486
1527358209848,7728,https://us-central1-go-fibonacci-recur.cloudfunctions.net/http-1GB,200,OK,Thread Group 8-149,text,true,,425,161,6,88,7728,0,561
1527358211349,7438,https://us-central1-go-fibonacci-recur.cloudfunctions.net/http-1GB,200,OK,Thread Group 8-150,text,true,,425,161,5,85,7438,0,483
1527358212878,7207,https://us-central1-go-fibonacci-recur.cloudfunctions.net/http-1GB,200,OK,Thread Group 8-151,text,true,,425,161,5,85,7207,0,494
1527358214378,7703,https://us-central1-go-fibonacci-recur.cloudfunctions.net/http-1GB,200,OK,Thread Group 8-152,text,true,,429,161,6,91,7703,0,491
1527358215877,7797,https://us-central1-go-fibonacci-recur.cloudfunctions.net/http-1GB,200,OK,Thread Group 8-153,text,true,,425,161,6,91,7797,0,486
1527358217388,7329,https://us-central1-go-fibonacci-recur.cloudfunctions.net/http-1GB,200,OK,Thread Group 8-154,text,true,,429,161,5,84,7329,0,485
1527358218877,7613,https://us-central1-go-fibonacci-recur.cloudfunctions.net/http-1GB,200,OK,Thread Group 8-155,text,true,,425,161,6,94,7613,0,491
1527358220377,7393,https://us-central1-go-fibonacci-recur.cloudfunctions.net/http-1GB,200,OK,Thread Group 8-156,text,true,,425,161,5,82,7393,0,485
1527358221877,7947,https://us-central1-go-fibonacci-recur.cloudfunctions.net/http-1GB,200,OK,Thread Group 8-157,text,true,,425,161,6,87,7947,0,484
1527358223349,7236,https://us-central1-go-fibonacci-recur.cloudfunctions.net/http-1GB,200,OK,Thread Group 8-158,text,true,,429,161,5,81,7236,0,485
1527358224848,7384,https://us-central1-go-fibonacci-recur.cloudfunctions.net/http-1GB,200,OK,Thread Group 8-159,text,true,,425,161,5,82,7384,0,493
1527358226349,7199,https://us-central1-go-fibonacci-recur.cloudfunctions.net/http-1GB,200,OK,Thread Group 8-160,text,true,,425,161,5,80,7199,0,500
1527358227879,8638,https://us-central1-go-fibonacci-recur.cloudfunctions.net/http-1GB,200,OK,Thread Group 8-161,text,true,,429,161,6,84,8638,0,488
1527358229379,8403,https://us-central1-go-fibonacci-recur.cloudfunctions.net/http-1GB,200,OK,Thread Group 8-162,text,true,,425,161,6,86,8403,0,483
1527358230878,8542,https://us-central1-go-fibonacci-recur.cloudfunctions.net/http-1GB,200,OK,Thread Group 8-163,text,true,,425,161,6,86,8542,0,490
1527358232378,7305,https://us-central1-go-fibonacci-recur.cloudfunctions.net/http-1GB,200,OK,Thread Group 8-164,text,true,,425,161,5,82,7305,0,523
1527358233879,7337,https://us-central1-go-fibonacci-recur.cloudfunctions.net/http-1GB,200,OK,Thread Group 8-165,text,true,,429,161,5,82,7337,0,489
1527358236878,7409,https://us-central1-go-fibonacci-recur.cloudfunctions.net/http-1GB,200,OK,Thread Group 8-167,text,true,,429,161,6,86,7409,0,489
1527358235378,9280,https://us-central1-go-fibonacci-recur.cloudfunctions.net/http-1GB,200,OK,Thread Group 8-166,text,true,,425,161,6,89,9280,0,1862
1527358238349,7313,https://us-central1-go-fibonacci-recur.cloudfunctions.net/http-1GB,200,OK,Thread Group 8-168,text,true,,425,161,5,80,7313,0,482
1527358239849,7986,https://us-central1-go-fibonacci-recur.cloudfunctions.net/http-1GB,200,OK,Thread Group 8-169,text,true,,429,161,6,92,7986,0,494
1527358241348,7635,https://us-central1-go-fibonacci-recur.cloudfunctions.net/http-1GB,200,OK,Thread Group 8-170,text,true,,425,161,6,91,7635,0,483
1527358242878,7747,https://us-central1-go-fibonacci-recur.cloudfunctions.net/http-1GB,200,OK,Thread Group 8-171,text,true,,425,161,6,92,7747,0,488
1527358244379,7495,https://us-central1-go-fibonacci-recur.cloudfunctions.net/http-1GB,200,OK,Thread Group 8-172,text,true,,429,161,5,88,7495,0,493
1527358245878,7442,https://us-central1-go-fibonacci-recur.cloudfunctions.net/http-1GB,200,OK,Thread Group 8-173,text,true,,425,161,5,86,7442,0,484
1527358247349,7971,https://us-central1-go-fibonacci-recur.cloudfunctions.net/http-1GB,200,OK,Thread Group 8-174,text,true,,425,161,6,88,7971,0,484
1527358248848,7994,https://us-central1-go-fibonacci-recur.cloudfunctions.net/http-1GB,200,OK,Thread Group 8-175,text,true,,425,161,6,87,7994,0,482
1527358250348,8002,https://us-central1-go-fibonacci-recur.cloudfunctions.net/http-1GB,200,OK,Thread Group 8-176,text,true,,429,161,6,85,8002,0,485
1527358251848,7993,https://us-central1-go-fibonacci-recur.cloudfunctions.net/http-1GB,200,OK,Thread Group 8-177,text,true,,425,161,6,87,7993,0,493
1527358253349,7150,https://us-central1-go-fibonacci-recur.cloudfunctions.net/http-1GB,200,OK,Thread Group 8-178,text,true,,429,161,5,82,7150,0,491
1527358254902,7658,https://us-central1-go-fibonacci-recur.cloudfunctions.net/http-1GB,200,OK,Thread Group 8-179,text,true,,425,161,6,88,7658,0,496
1527358256349,7785,https://us-central1-go-fibonacci-recur.cloudfunctions.net/http-1GB,200,OK,Thread Group 8-180,text,true,,425,161,6,87,7785,0,480
1527358257848,7121,https://us-central1-go-fibonacci-recur.cloudfunctions.net/http-1GB,200,OK,Thread Group 8-181,text,true,,425,161,5,80,7121,0,491
1527358259348,7410,https://us-central1-go-fibonacci-recur.cloudfunctions.net/http-1GB,200,OK,Thread Group 8-182,text,true,,429,161,5,86,7410,0,481
1527358260848,7670,https://us-central1-go-fibonacci-recur.cloudfunctions.net/http-1GB,200,OK,Thread Group 8-183,text,true,,429,161,6,91,7670,0,482
1527358262348,7264,https://us-central1-go-fibonacci-recur.cloudfunctions.net/http-1GB,200,OK,Thread Group 8-184,text,true,,425,161,5,80,7264,0,489
1527358263848,7252,https://us-central1-go-fibonacci-recur.cloudfunctions.net/http-1GB,200,OK,Thread Group 8-185,text,true,,429,161,5,81,7252,0,491
1527358265348,7903,https://us-central1-go-fibonacci-recur.cloudfunctions.net/http-1GB,200,OK,Thread Group 8-186,text,true,,425,161,6,84,7903,0,552
1527358266848,7634,https://us-central1-go-fibonacci-recur.cloudfunctions.net/http-1GB,200,OK,Thread Group 8-187,text,true,,425,161,6,90,7634,0,493
1527358268348,7627,https://us-central1-go-fibonacci-recur.cloudfunctions.net/http-1GB,200,OK,Thread Group 8-188,text,true,,425,161,6,91,7627,0,495
1527358269848,7620,https://us-central1-go-fibonacci-recur.cloudfunctions.net/http-1GB,200,OK,Thread Group 8-189,text,true,,429,161,6,89,7620,0,486
1527358271319,7084,https://us-central1-go-fibonacci-recur.cloudfunctions.net/http-1GB,200,OK,Thread Group 8-190,text,true,,425,161,5,84,7084,0,490
1527358272878,7325,https://us-central1-go-fibonacci-recur.cloudfunctions.net/http-1GB,200,OK,Thread Group 8-191,text,true,,425,161,5,82,7325,0,486
1527358274377,7194,https://us-central1-go-fibonacci-recur.cloudfunctions.net/http-1GB,200,OK,Thread Group 8-192,text,true,,429,161,5,78,7194,0,483
1527358275877,7211,https://us-central1-go-fibonacci-recur.cloudfunctions.net/http-1GB,200,OK,Thread Group 8-193,text,true,,425,161,5,80,7211,0,495
1527358277349,7393,https://us-central1-go-fibonacci-recur.cloudfunctions.net/http-1GB,200,OK,Thread Group 8-194,text,true,,429,161,5,83,7393,0,489
1527358278849,7714,https://us-central1-go-fibonacci-recur.cloudfunctions.net/http-1GB,200,OK,Thread Group 8-195,text,true,,425,161,6,92,7714,0,494
1527358280349,7064,https://us-central1-go-fibonacci-recur.cloudfunctions.net/http-1GB,200,OK,Thread Group 8-196,text,true,,425,161,5,81,7063,0,485
1527358281848,7697,https://us-central1-go-fibonacci-recur.cloudfunctions.net/http-1GB,200,OK,Thread Group 8-197,text,true,,425,161,4,68,7697,0,492
1527358283349,7670,https://us-central1-go-fibonacci-recur.cloudfunctions.net/http-1GB,200,OK,Thread Group 8-198,text,true,,425,161,3,62,7670,0,503
1527358284849,7514,https://us-central1-go-fibonacci-recur.cloudfunctions.net/http-1GB,200,OK,Thread Group 8-199,text,true,,425,161,2,54,7514,0,484
1527358286349,7219,https://us-central1-go-fibonacci-recur.cloudfunctions.net/http-1GB,200,OK,Thread Group 8-200,text,true,,429,161,1,49,7219,0,488
